Sample.ID,Patch.Num,WSI.Score,WSI.pred
TCGA-AA-3812,1,0.13800186416724436,0
TCGA-AA-A00E,2,0.16225165562913904,0
TCGA-AA-A01Q,2,0.16225165562913904,0
TCGA-AA-A02R,2,0.16225165562913904,0
