Sample.ID,PScore,x,y
TCGA-AA-A01Q-01A-01-TS1_58373_9216_0.png,0.85992235,58373,9216
TCGA-AA-A02R-01A-02-BS2_140116_14112_1.png,0.97758305,140116,14112
TCGA-AA-3812-01A-01-TS1_15378_14386_0.png,0.0010385183,15378,14386
TCGA-AA-A01Q-01A-01-TS1_58373_7168_0.png,0.18780345,58373,7168
TCGA-AA-A00E-01A-01-TS1_58472_20162_1.png,0.69214165,58472,20162
TCGA-AA-A02R-01A-02-BS2_140116_13104_1.png,0.9427609,140116,13104
TCGA-AA-A00E-01A-01-TS1_58472_19154_1.png,0.75638777,58472,19154
